{
  "F_climate_only": {
    "r2_log": 0.1270191985421344,
    "rmse_log": 0.5850102173127645,
    "nrmse": 0.15484200467698125,
    "spearman": 0.27693496679647706,
    "mae_log": 0.4722507714729028,
    "mae_rs_gC_m2_yr": 359.4033199799768,
    "median_ae_rs": 268.88372802734403,
    "tertile_accuracy_baseline_1_3": 0.3333333333333333,
    "tertile_accuracy": 0.3713235294117647,
    "tertile_confusion": [
      [
        29,
        62,
        0
      ],
      [
        20,
        70,
        0
      ],
      [
        13,
        76,
        2
      ]
    ],
    "n_train": 600,
    "n_us": 272
  },
  "B_full_features": {
    "r2_log": 0.02008989268217476,
    "rmse_log": 0.6163110334657,
    "nrmse": 0.16312678497263033,
    "spearman": 0.24948108952983705,
    "mae_log": 0.4809598690755697,
    "mae_rs_gC_m2_yr": 364.0762842258459,
    "median_ae_rs": 263.5949328613282,
    "tertile_accuracy_baseline_1_3": 0.3333333333333333,
    "tertile_accuracy": 0.4,
    "tertile_confusion": [
      [
        43,
        46,
        1
      ],
      [
        24,
        64,
        2
      ],
      [
        17,
        72,
        1
      ]
    ],
    "n_train": 588,
    "n_us": 270
  }
}