{
  "config_name": "Full_MODIS",
  "n_features": 34,
  "features": [
    "soc",
    "nitrogen",
    "phh2o",
    "clay",
    "sand",
    "silt",
    "bdod",
    "cec",
    "bio01",
    "bio04",
    "bio05",
    "bio06",
    "bio12",
    "bio14",
    "bio15",
    "bio17",
    "c_n_ratio",
    "clay_sand_ratio",
    "ph_optimality",
    "aridity_demartonne",
    "npp",
    "lst_day",
    "lst_night",
    "lst_diurnal_range",
    "lc_02",
    "lc_04",
    "lc_05",
    "lc_08",
    "lc_09",
    "lc_10",
    "lc_12",
    "lc_13",
    "lc_14",
    "lc_17"
  ],
  "landcover_onehot_classes": [
    2,
    4,
    5,
    8,
    9,
    10,
    12,
    13,
    14,
    17
  ],
  "n_train": 463,
  "n_us": 223,
  "params": {
    "n_estimators": 250,
    "max_depth": 3,
    "learning_rate": 0.05,
    "subsample": 0.85,
    "colsample_bytree": 0.85,
    "min_child_weight": 4,
    "reg_alpha": 2.0,
    "reg_lambda": 8.0,
    "verbosity": 0
  },
  "cv": {
    "n_splits": 5,
    "block_size_deg": 5.0,
    "seed": 42,
    "per_fold_r2": [
      0.14563840627670288,
      0.2531353831291199,
      -0.06171703338623047,
      -0.023691773414611816,
      0.08130699396133423
    ],
    "mean_r2": 0.07893439531326293,
    "std_r2": 0.11411923007271542,
    "mean_rmse": 0.6255716631409267,
    "mean_mae": 0.4932775557041168
  },
  "transfer": {
    "r2": 0.07243996858596802,
    "rmse_log": 0.5909449674395747,
    "mae_log": 0.4802260398864746,
    "spearman": 0.23227971759241056,
    "bias": -0.07584132999181747,
    "pred_std": 0.2684329152107239,
    "obs_std": 0.6135868430137634,
    "bootstrap_n": 2000,
    "bootstrap_median": 0.06684654951095581,
    "ci_low": -0.08399673998355865,
    "ci_high": 0.18855945616960504,
    "ci_excludes_zero": false
  }
}