{
  "width": 3100,
  "height": 1800,
  "size_kb": 5803.955078125,
  "unique_rgb_sampled": 1017,
  "center_saturation": 0.5688892602920532,
  "corners_saturation": [
    0.0,
    0.0,
    0.13034546375274658,
    0.0
  ],
  "edges_saturation": [
    0.0,
    0.0,
    0.06704532355070114,
    0.0
  ],
  "vmin": 0.5,
  "vcenter": 1.0,
  "vmax": 1.5,
  "cmap": "RdBu_r"
}