{
  "width": 3100,
  "height": 1800,
  "size_kb": 6382.3701171875,
  "unique_rgb_sampled": 524,
  "center_saturation": 0.07547526061534882,
  "corners_saturation": [
    0.06819725781679153,
    0.0,
    0.08550537377595901,
    0.0
  ],
  "edges_saturation": [
    0.0,
    0.0,
    0.028032872825860977,
    0.0
  ],
  "vmin": 0.5,
  "vcenter": 1.0,
  "vmax": 1.5,
  "cmap": "RdBu_r"
}